Pattern,Intent,URL_Slug_Formula,H1_Title_Formula,Meta_Title_Formula,Meta_Description_Formula,Target_Keyword_Example,Priority
1A,Bottom Funnel - Comparison,/{brand}-vs-{competitor}-for-{audience},{Brand} vs {Competitor} for {Audience},{Brand} vs {Competitor} for {Audience} | Sozee,Compare {Brand} and {Competitor} for {audience}. See features pricing and which AI content tool is best for creator agencies.,Sozee vs Higgsfield for OnlyFans Creators,HIGH
1B,Bottom Funnel - Comparison,/{brand}-vs-{competitor}-{platform},{Brand} vs {Competitor} for {Platform} Content,{Brand} vs {Competitor}: {Platform} Content Creation,Compare {Brand} vs {Competitor} for {platform} content creation. See which tool agencies and creators prefer for AI-generated content.,Sozee vs Krea for OnlyFans Content,HIGH
2A,Mid/Bottom Funnel - Best Of,/best-{use_case}-for-{audience},Best {Use_Case} for {Audience},{modifier} {use_case} for {audience} | Sozee,Discover the best {use_case} tools for {audience}. {modifier} solutions that solve the content crisis and help you scale without burnout.,Best AI Photo Generator for OnlyFans Agencies,HIGH
3A,Mid Funnel - Problem Solution,/solve-{pain_point}-{platform}-{audience},How to Solve {Pain_Point} for {Audience},Solve {pain_point} for {platform} {audience} | Sozee,Learn how to solve {pain_point} for {platform} {audience}. Proven strategies and AI tools to overcome creator challenges and scale content production.,How to Solve Creator Burnout for OnlyFans Creators,MEDIUM
3B,Mid Funnel - Problem Solution,/overcome-{pain_point}-{use_case},Overcome {Pain_Point} with {Use_Case},Overcome {pain_point} with {use_case} | Sozee,Overcome {pain_point} using AI-powered {use_case}. Scale your content 100x without increasing workload or sacrificing quality.,Overcome Content Bottleneck with AI Video Generation,MEDIUM
4A,Mid Funnel - Feature,/{feature}-for-{platform}-{audience},{Feature} for {Platform} {Audience},{feature} for {platform} {audience} | Sozee,Powerful {feature} built specifically for {platform} {audience}. Generate unlimited content that drives traffic and maximizes revenue.,AI Photo Generation for OnlyFans Creators,MEDIUM
4B,Mid Funnel - Feature,/{feature}-{platform}-content,{Feature} for {Platform} Content Creation,{feature} for {platform} content | Sozee,Advanced {feature} designed for {platform} content creators. Create hyper-realistic content in your likeness without photoshoots.,AI Face Swap for OnlyFans Content,MEDIUM
5A,Mid Funnel - How-To,/how-to-{action}-{platform}-{audience},How to {Action} for {Platform} {Audience},How to {action} for {platform} {audience} | Sozee,Step-by-step guide on how to {action} for {platform} {audience}. AI-powered strategies to scale content and maximize monetization.,How to Scale Content for OnlyFans Agencies,MEDIUM
5B,Mid Funnel - How-To,/how-to-{action}-using-{use_case},How to {Action} Using {Use_Case},How to {action} using {use_case} | Sozee,Learn how to {action} using cutting-edge {use_case} technology. Reclaim your time while generating 100x more content.,How to Automate Content Using AI Generation,MEDIUM
5C,Mid Funnel - How-To,/how-to-generate-{content_type}-{platform},How to Generate {Content_Type} for {Platform},How to generate {content_type} for {platform} | Sozee,Complete guide to generating high-quality {content_type} for {platform}. Create unlimited authentic content without expensive photoshoots.,How to Generate Photos for OnlyFans,MEDIUM
5D,Mid Funnel - How-To,/how-to-create-{content_type}-{audience},How to Create {Content_Type} for {Audience},How to create {content_type} for {audience} | Sozee,Master the art of creating engaging {content_type} for {audience}. AI-powered workflows that solve the content crisis.,How to Create TikTok Videos for Creators,MEDIUM
6,Top/Mid Funnel - Inspiration,/{content_type}-ideas-{platform}-{audience},{Content_Type} Ideas for {Platform} {Audience},100+ {content_type} ideas for {platform} {audience} | Sozee,Get endless {content_type} ideas for {platform} {audience}. Our AI-powered prompt library eliminates creative fatigue forever.,Photo Ideas for OnlyFans Creators,LOW
7A,Top/Mid Funnel - Temporal,/best-{use_case}-{year},Best {Use_Case} Tools in {Year},{modifier} {use_case} tools {year} | Sozee,Discover the best {use_case} tools for creators in {year}. Compare features pricing and AI capabilities for content generation.,Best AI Photo Generator 2025,MEDIUM
7B,Top/Mid Funnel - Temporal Best,/best-{tool_type}-{platform}-{year},Best {Tool_Type} for {Platform} in {Year},Best {tool_type} for {platform} {year} | Sozee,The best {tool_type} for {platform} content creation in {year}. AI-powered solutions trusted by top creators and agencies.,Best AI Tool for OnlyFans 2025,MEDIUM
8,Bottom Funnel - Alternative,/{competitor}-alternative-{audience},{Competitor} Alternative for {Audience},Best {competitor} alternative for {audience} | Sozee,Looking for a {competitor} alternative? Sozee offers {audience} powerful AI content generation with hyper-realistic results and creator-focused features.,Higgsfield Alternative for OnlyFans Creators,HIGH
9,Bottom Funnel - Review,/sozee-review-{audience},Sozee Review for {Audience},Sozee review: Is it worth it for {audience}? | Sozee,Honest Sozee review for {audience}. Features pricing pros and cons from real users. See if this AI content studio is right for you.,Sozee Review for OnlyFans Agencies,HIGH
10,Bottom Funnel - Direct,/ai-{tool_type}-{platform},AI {Tool_Type} for {Platform},AI {tool_type} for {platform} | Sozee,Professional AI {tool_type} for {platform} creators. Generate unlimited hyper-realistic content and scale your brand without burnout.,AI Photo Generator for OnlyFans,HIGH
11,Bottom Funnel - Direct,/{platform}-{tool_type},{Platform} {Tool_Type},{platform} {tool_type} | Sozee,The ultimate {platform} {tool_type} for creators and agencies. AI-powered content generation that solves the content crisis.,OnlyFans AI Photo Generator,HIGH
12,Mid Funnel - Problem Solution,/content-crisis-solution-{audience},Solve the Content Crisis for {Audience},Content crisis solution for {audience} | Sozee,Solve the content crisis facing {audience}. Break the 1/100 supply-demand ratio with AI-powered content generation.,Solve the Content Crisis for OnlyFans Agencies,HIGH