URL,Pattern,H1_Title,Meta_Title,Meta_Description,Hero_Subtitle,Primary_CTA,Problem_Statement,Key_Features,Target_Audience,Target_Keywords
/sozee-vs-higgsfield-for-onlyfans-creators/,1A,Sozee vs Higgsfield for OnlyFans Creators,Sozee vs Higgsfield for OnlyFans Creators | 2025 Comparison,"Compare Sozee and Higgsfield for OnlyFans creators. See features, pricing, and which AI content tool is best for creator agencies. In-depth 2025 review.","Both promise AI content generation. Only one solves the content crisis. See the side-by-side comparison.",Compare Features Now,"If you're an OnlyFans creator, you've probably heard about AI content generation tools. But here's the reality: most tools are built for AI artists and developers, not creators like you. The learning curve is steep, the results are inconsistent, and you end up spending more time fighting with the tool than actually creating content. That's where the difference between Sozee and Higgsfield becomes crystal clear.","Custom LORA Training (Hyper-Realistic)|1-Click Photo Generation (No Prompts Needed)|Built for OnlyFans Creators (Not Generalists)|SFW & NSFW Optimized|30-Second Content Creation|Agency Team Management Features",OnlyFans Creators|Content Creators|Adult Content Creators,"sozee vs higgsfield,higgsfield alternative,ai photo generator onlyfans,best ai tool for onlyfans creators,higgsfield vs sozee"
/best-ai-photo-generator-for-onlyfans-agencies/,2A,Best AI Photo Generator for OnlyFans Agencies,Best AI Photo Generator for OnlyFans Agencies | Sozee,"Discover the best AI photo generator for OnlyFans agencies. Solve the content crisis and scale your roster without creator burnout. Trusted by top agencies.","Stop begging creators for content. Generate unlimited high-quality photos in their exact likeness.",Start Free Trial,"Listen, if you're running an OnlyFans agency, you already know your biggest problem isn't marketing or monetization. It's content. Specifically, it's getting enough consistent, high-quality content from your creators to keep the revenue machine running. One sick day, one vacation, one 'I'm just not feeling it today' and your entire month's revenue plan goes out the window. The content bottleneck is killing your growth, and every agency owner knows it.","De-Risk Your Revenue (Never Depend on Creator Mood Again)|Scale Without Adding Creators (10x Content Output Per Creator)|Fulfill Custom Fan Requests Instantly (PPV Revenue Explodes)|Train Once Use Forever (Immortalize Your Creator Assets)|Agency Dashboard (Manage Multiple Creators From One Place)|Priority Support (Built for High-Volume Agencies)",OnlyFans Agencies|Management Agencies|Content Agencies,"best ai photo generator,ai photo generator for onlyfans,onlyfans agency tools,ai content for agencies,best ai tool onlyfans agencies"
/solve-creator-burnout-onlyfans-creators/,3A,How to Solve Creator Burnout for OnlyFans Creators,Solve Creator Burnout for OnlyFans Creators | Sozee Guide,"Learn how to solve creator burnout for OnlyFans creators. Proven strategies and AI tools to overcome exhaustion and scale content production without the treadmill.","The 24/7 content treadmill is unsustainable. Here's how top creators are reclaiming their time while 10x-ing output.",Download Free Guide,"You're burning out. Not because you're lazy. Not because you lack ideas. You're burning out because you're on an impossible treadmill. The creator economy demands 1 piece of content for every 100 pieces of fan demand. That 1/100 ratio means no matter how much you shoot, you're always behind. You can't take a vacation. You can't get sick. You can't even have an 'off day' without watching your revenue drop. This isn't sustainable, and deep down, you know it.","Reclaim Your Time (Generate a Month of Content in One Afternoon)|Achieve Your Perfect Look Always (Flawless in Every Photo)|Unlock Any Location (Bali Paris or the Moon - No Travel Required)|Create Without Pressure (No Makeup No Camera Just Your Laptop)|Scale Your Income (More Content = More Sales Without More Work)|Never Run Out of Ideas (AI-Powered Prompt Library)",OnlyFans Creators|Independent Creators|Content Creators,"creator burnout,onlyfans creator burnout,how to avoid burnout,content burnout solution,creator exhaustion"
/ai-photo-generator-onlyfans/,10,AI Photo Generator for OnlyFans,AI Photo Generator for OnlyFans | Sozee,"Professional AI photo generator for OnlyFans creators. Generate unlimited hyper-realistic photos in your likeness and scale your brand without burnout.","Turn one photoshoot into 10,000 photos. Same face. Same body. Infinite possibilities.",Get Started Free,"What if I told you that you could generate 10,000 photos from a single 30-minute photoshoot? Not generic stock photos. Not obvious AI that fans will spot immediately. But hyper-realistic photos that look EXACTLY like you, in any outfit, any location, any scenario you can imagine. That's not the future. That's Sozee, and it's available right now.","Hyper-Realistic LORA Training (Trained on YOUR Likeness)|Any Outfit Any Location (No Physical Limits)|SFW and NSFW Optimized (One Platform for All Content)|30-Second Generation Time (Idea to Finished Photo in Under a Minute)|Fulfill Custom Requests Instantly (Never Miss a PPV Sale)|Built for OnlyFans (Not Generic AI Artists)",OnlyFans Creators|OnlyFans Models|Adult Content Creators,"ai photo generator,ai photo generator onlyfans,onlyfans ai photos,ai generated photos creator,ai photoshoot onlyfans"
/onlyfans-ai-photo-generator/,11,OnlyFans AI Photo Generator,OnlyFans AI Photo Generator | Sozee,"The ultimate OnlyFans AI photo generator for creators and agencies. AI-powered content generation that solves the content crisis and maximizes revenue.","The Content Crisis Ends Here. Generate Unlimited Content Your Fans Can't Tell is AI.",Try Sozee Free,"Here's the uncomfortable truth about OnlyFans success: you need roughly 100 pieces of content to meet the demand from your fanbase. But you're only creating 1. That 1/100 ratio is the content crisis, and it's the reason why your growth has plateaued. Traditional photoshoots cost thousands of dollars, take hours of your time, and you're still always behind. There's a better way.","Break the 1/100 Ratio (Finally Keep Up With Fan Demand)|Zero Photoshoot Costs (No Photographer No Location Fees No Outfit Budget)|Content On-Demand (Custom Fan Requests in 30 Seconds)|Immortalize Your Brand (Create Forever Without Physical Limits)|Agency-Scale Tools (Built for High-Volume Content Production)|The Sozee Difference (We're Built for Creators Not AI Engineers)",OnlyFans Creators|OnlyFans Agencies|Adult Content Creators,"onlyfans ai photo generator,ai photo generator for onlyfans,onlyfans ai tool,ai generated onlyfans content,best onlyfans ai"
/content-crisis-solution-onlyfans-agencies/,12,Solve the Content Crisis for OnlyFans Agencies,Content Crisis Solution for OnlyFans Agencies | Sozee,"Solve the content crisis facing OnlyFans agencies. Break the 1/100 supply-demand ratio with AI-powered content generation. Scale without creator dependency.","Your Agency's Growth is Limited by One Thing: Content Supply. Not Anymore.","Schedule Demo","Let's talk about the elephant in the room. Every OnlyFans agency hits the same ceiling, and it has nothing to do with your marketing skills or monetization strategy. It's the content bottleneck. You're 100% dependent on your creators to produce raw material. When they don't shoot, you don't have content. When you don't have content, you can't post. When you can't post, fans churn and revenue drops. This is the content crisis, and it's costing you millions in lost revenue.","Remove Creator Dependency (No More Begging for Content)|Scale Your Roster Without Risk (Onboard Creators Faster)|Protect Your Investment (Content Asset Lives Forever)|10x Your Content Output (Per Creator Per Month)|Fulfill Any Fan Request (Custom PPV Content On-Demand)|Multi-Creator Dashboard (Manage Your Entire Roster in One Place)",OnlyFans Agencies|Management Agencies|Content Management Agencies,"content crisis,onlyfans agency content,agency content solution,scale onlyfans agency,content bottleneck solution"
/how-to-scale-content-onlyfans-agencies/,5A,How to Scale Content for OnlyFans Agencies,How to Scale Content for OnlyFans Agencies | Sozee Guide,"Step-by-step guide on how to scale content for OnlyFans agencies. AI-powered strategies to 10x content output and maximize monetization without burnout.","The Agency Playbook for 10x-ing Content Output Without Adding Creators",Get the Playbook,"Most OnlyFans agencies think they have two options to scale revenue: (1) Recruit more creators, or (2) Squeeze more content out of existing creators. Both approaches hit hard limits fast. Recruiting is expensive and time-consuming. And squeezing more from creators? That's how you lose your best talent to burnout. There's a third way, and it's how top-earning agencies are quietly dominating the market.","The 1/100 Problem (Understanding the Content Crisis)|AI Content Generation (How It Works for Agencies)|LORA Training Process (Custom Models for Each Creator)|Content Workflow Optimization (From Idea to Published in Minutes)|Custom Fan Requests at Scale (Maximize PPV Revenue)|Case Study (How [Agency X] Generated $500K in 90 Days)",OnlyFans Agencies|Management Agencies|Agency Owners,"how to scale onlyfans agency,scale content onlyfans,agency content strategy,onlyfans agency growth,scale creator content"
/higgsfield-alternative-onlyfans-creators/,8,Best Higgsfield Alternative for OnlyFans Creators,Higgsfield Alternative for OnlyFans Creators | Sozee,"Looking for a Higgsfield alternative? Sozee offers OnlyFans creators powerful AI content generation with hyper-realistic results and creator-focused features.","Higgsfield is Built for AI Artists. Sozee is Built for Creators Like You.",Try Sozee Free,"Don't get me wrong - Higgsfield is an impressive AI tool. But here's the problem: it's designed for AI enthusiasts, developers, and artists who enjoy tweaking models and writing complex prompts. If that sounds fun to you, Higgsfield might be your tool. But if you're an OnlyFans creator who just wants to generate content quickly and get back to running your business, you need something different. You need Sozee.","No Technical Skills Required (If You Can Use Instagram You Can Use Sozee)|1-Click Generation (Not 50 Parameters to Configure)|Built for OnlyFans (Optimized for SFW and NSFW Creator Content)|Hyper-Realistic Results (Your Face Your Body Every Time)|Creator-First Features (Not Generic AI Art Tools)|30-Second Workflow (Higgsfield = 30 Minutes Sozee = 30 Seconds)",OnlyFans Creators|Content Creators|Creator Economy,"higgsfield alternative,alternative to higgsfield,higgsfield vs sozee,better than higgsfield,higgsfield for creators"
/sozee-review-onlyfans-agencies/,9,Sozee Review for OnlyFans Agencies - Is It Worth It?,Sozee Review for OnlyFans Agencies | Honest 2025 Analysis,"Honest Sozee review for OnlyFans agencies. Features, pricing, pros and cons from real agency owners. See if this AI content studio is worth the investment.","Unbiased Review: Can Sozee Really Solve the Content Crisis? We Tested It.",Read Full Review,"If you're an OnlyFans agency considering Sozee, you're probably asking the same questions every agency owner asks: Is it actually realistic? Will my creators use it? What's the ROI? And most importantly - is this just another overhyped AI tool that promises the world and delivers mediocre results? This review answers all of those questions with real data from agencies who've used Sozee for 90+ days.","The Pros (What Agencies Love About Sozee)|The Cons (Honest Limitations You Should Know)|Pricing Breakdown (Is the Agency Plan Worth $33/Week?)|Real Results (Revenue Impact from 5 Agencies)|Comparison to Alternatives (Higgsfield Krea Runway)|Who Should Use Sozee (And Who Shouldn't)|Final Verdict (Our Recommendation)",OnlyFans Agencies|Management Agencies|Agency Decision-Makers,"sozee review,sozee for agencies review,is sozee worth it,sozee ai review,sozee pricing review"
/best-ai-photo-generator-2025/,7A,Best AI Photo Generator Tools in 2025,Best AI Photo Generator 2025 | Top Tools Compared,"Discover the best AI photo generator tools for creators in 2025. Compare features, pricing, and AI capabilities for content generation. Updated rankings.","The Definitive 2025 Ranking: Which AI Photo Generator is Best for Content Creators?",Compare All Tools,"The AI photo generation landscape changed dramatically in 2025. What worked in 2023 and 2024 - generic tools like Midjourney and Stable Diffusion - are no longer the best options for professional creators. Why? Because new specialized tools have emerged that are purpose-built for specific use cases. If you're a content creator (especially in the OnlyFans/Patreon space), you need hyper-realistic human generation, not fantasy art. This guide ranks the best tools for YOUR needs.","Ranking Methodology (How We Tested Each Tool)|1. Sozee (Best for OnlyFans/Patreon Creators)|2. Higgsfield (Best for AI Enthusiasts)|3. Krea (Best for Fast Iteration)|4. Foxy.ai (Best for Face Swapping)|5. Midjourney (Best for Artistic Content)|6. Leonardo.ai (Best Free Option)|Comparison Chart (Features Pricing Pros/Cons)",Content Creators|OnlyFans Creators|Digital Creators,"best ai photo generator 2025,ai photo generator,top ai tools 2025,best ai for creators,ai photo tools 2025"
